ticker,risk_ind,q_ideal,q_hw_mean,q_hw_std,clasico,cono,indeg_CRY,q_hw_mit,q_hw_mit_std
AAPL,0.16298303679327428,0.16298303679327414,0.14955000000000013,0.011421908772179903,0.08149151839663714,1,0.0,0.292223661805446,0.30340787056785223
ABNB,0.2748165805526566,0.274816580552657,0.23640000000000017,0.008309031231136403,0.1374082902763283,1,0.0,0.4357973214265288,0.05642999463784585
ADBE,0.20189888320227478,0.20189888320227511,0.1719500000000001,0.003749666651850538,0.10094944160113739,1,0.0,0.1316520221087299,0.11022749148157936
ADI,0.24362237046092372,0.41778223114496055,0.4431999999999789,0.005020956084252724,0.4617943676755347,23,10.990650127943614,0.4996846828013119,0.016604700248385607
ADSK,0.18934226407710614,0.18934226407705373,0.3223499999999922,0.011419938703862263,0.09467113203855307,2,0.0,0.2736099514160001,0.10425719692947587
AEIS,0.3515959968099401,0.5452923125363623,0.5268499999999696,0.005951050327462557,0.3548921697858168,25,3.972417273958799,0.49751374604875476,0.014973510730862968
AMAT,0.3378423250636913,0.45554456526832543,0.5165499999999709,0.0065829324772467826,0.5901728275015925,18,11.212274445998274,0.4318689762875564,0.05365760231111895
AMD,0.5130967770170521,0.5130967770189656,0.4735499999999756,0.01740359158334662,0.25654838850852607,6,0.0,0.5,1.275122052469247e-11
AMZN,0.20303716343710518,0.3122456687322568,0.4259999999999808,0.00887271097241326,0.23673265783591768,4,5.803075638050224,0.4556927475543702,0.055189899550069366
APD,0.0,-1.0191847366058937e-13,0.004950000000000003,0.0005567764362830027,0.0,1,0.0,0.055504311752541946,0.014913854135568219
ARKK,0.43922815850830993,0.5744305614850429,0.5370999999999686,0.008186268991426146,0.9219345502473859,22,12.916708990241311,0.5,4.2583690158161865e-12
ARM,0.6258805128837579,0.6258805128936278,0.5171499999999708,0.005259752845903874,0.31294025644187895,7,0.0,0.6400685889872024,0.06252255241728902
ASML,0.34673083927802734,0.46711319645958765,0.4180999999999816,0.011019981851163515,0.3859808583483031,10,4.590467223318829,0.49868221638697885,0.013127001907403919
AVGO,0.27654882307746514,0.46215601979480886,0.5189499999999706,0.006327321708273666,0.2483697228855677,18,3.9331991545775065,0.4879683564341075,0.017169427453252516
BABA,0.20852754426879153,0.31403756448530384,0.25424999999999953,0.007973393255069574,0.19816749991289556,2,2.0580401937761152,0.36232788846253833,0.005238507749122825
BAC,0.07692752589324221,0.2487176720638452,0.38799999999998497,0.008380035799445282,0.13157820297201125,6,8.333160375479196,0.44689293608411257,0.02916118227638958
BLK,0.08904494120777545,0.13339769825407033,0.27249999999999763,0.005828807768316993,0.052925708201019404,7,1.815451455964506,0.13296340165670256,0.05323559349655917
BNS,0.050611864944752685,0.08022006091039346,0.17285000000000011,0.00836749663878033,0.03452616691344655,2,1.942277072072912,0.15498725933579705,0.018940315236435603
BTI,0.05609154310268389,0.0560915431026035,0.046550000000000036,0.002731300056749535,0.028045771551341945,1,0.0,0.14145499679670848,0.24810296443790886
CAT,0.16632840795242604,0.18667927636560422,0.3594499999999881,0.003512121865766802,0.12914354262747874,6,1.8001216878706285,0.20100453122438539,0.11517075974552023
CDNS,0.2752176761729198,0.2752176761563199,0.30679999999999386,0.00613269924258411,0.1376088380864599,10,0.0,0.4185528008736914,0.08278068928585579
CEG,0.29929778798702833,0.3901736717788633,0.20135000000000014,0.008824114686471395,0.26580479999012074,2,1.9585033365533155,0.38539636738097194,0.017337456739839326
CELH,0.6061581126866579,0.6061581126866761,0.5392999999999685,0.0036585516259849404,0.30307905634332893,1,0.0,0.48680500256807446,0.03748745091872948
CMCSA,0.1388809624622791,0.1388809624622187,0.1217000000000001,0.007896834808959854,0.06944048123113955,1,0.0,0.47006257712315663,0.06974456605835684
COST,0.06591368546527629,0.06591368546520598,0.04255000000000003,0.0028913664589601948,0.032956842732638145,1,0.0,0.10366643848459539,0.019984181975953218
CRM,0.1362011919603412,0.5254890972767261,0.36849999999998706,0.015842979517753115,0.12812802850021693,16,2.007169638393472,0.5248715403671576,0.03049390951278779
CRWD,0.3839932166255173,0.625682921533307,0.5091999999999717,0.006759067983086865,0.25500220681981145,3,1.8811476690229396,0.6270847608120721,0.0025340903938372568
CVS,0.19861150179236736,0.1986115017923233,0.20650000000000018,0.005527205442174197,0.09930575089618368,1,0.0,0.3159144825373319,0.06888475889031591
CVX,0.1429622196759159,0.19959252859311238,0.18320000000000014,0.00688912185985994,0.13161185832150357,2,2.2273514256770297,0.2988274769476961,0.04423461068511427
DDOG,0.32782245819225375,0.563622601424564,0.3768999999999862,0.010242802350918272,0.27706660625343105,3,1.7904804121082205,0.5996995865531786,0.0011866840301279675
DE,0.13559029922300106,0.2654325271857435,0.26269999999999877,0.009554318395363423,0.08866358523877277,6,1.8001216878706285,0.3335174803559107,0.039308664858314066
DIS,0.12842698451409498,0.12842698451404122,0.11675000000000009,0.006043591647356727,0.06421349225704749,1,0.0,0.40912323150294566,0.032849640557937494
ENPH,0.7196684444361796,0.7196684444362111,0.6347999999999578,0.020149069457419382,0.3598342222180898,1,0.0,0.6508419196661703,0.13457245536347473
GE,0.14917958312478563,0.2644775074882668,0.20950000000000016,0.005858754133772816,0.14610001223878455,2,1.7766268211519995,0.30692207682317546,0.03554166289383223
GOOG,0.20036504041138686,0.35664412816874436,0.3268999999999917,0.004643813088400011,0.1368747233755265,4,1.865640575444086,0.4416949250830441,0.08411806524407463
GS,0.1140475975264181,0.30418121257981257,0.43979999999997926,0.010547985589674243,0.21376068612068982,8,14.343763771040896,0.4396446792082221,0.11640862236332152
HD,0.08263255033076759,0.06674246308379339,0.20095000000000013,0.006982836100038442,0.09656974764262355,3,4.266142852277154,0.19289621628009573,0.03599133661310345
HSBC,0.10408478050503807,0.10408478050498582,0.08830000000000007,0.0016911534525287778,0.052042390252519034,1,0.0,0.39537628638426087,0.14226266449966168
HWM,0.1409673940954494,0.2562912973784025,0.18820000000000014,0.005334791467339661,0.14404696498145048,2,1.7766268211519995,0.30011399075776213,0.04187942176432555
IBM,0.05370841650158809,0.053708416501532574,0.04275000000000003,0.0031976553910638993,0.026854208250794046,1,0.0,0.03728911346361247,0.10151950324281529
INTC,0.43115474764201916,0.4311547476420115,0.3794499999999859,0.013654120257268827,0.21557737382100958,1,0.0,0.4721094440891689,0.05739146832792021
INTU,0.1823039755331343,0.18230397553309863,0.16545000000000015,0.005910583727517956,0.09115198776656715,1,0.0,0.18853153422808017,0.23527625430134955
JPM,0.043806827737117006,0.35941709855967835,0.3956499999999841,0.004143066497172863,0.10881248431380297,6,6.3774066725320875,0.45892082887178964,0.06021869556483458
KO,0.0,0.044452246033782505,0.05055000000000004,0.0026570660511172866,0.025027821871934974,2,1.9093094215545456,0.025049837726193458,0.008171621428235758
LIN,0.03523308485538931,0.035233084855344765,0.035950000000000024,0.0020940391591371945,0.017616542427694656,1,0.0,0.10143800571827644,0.029841265845420743
LLY,0.2424407501312576,0.24244075013123512,0.21035000000000018,0.004744997365647324,0.1212203750656288,1,0.0,0.41605973234748267,0.054021293233565484
LMT,0.03255694217208326,0.032556942172044745,0.02990000000000002,0.0020223748416156686,0.01627847108604163,1,0.0,0.05617280700463706,0.03417753521677607
LOW,0.133699827257398,0.11434511813030679,0.20630000000000015,0.002825774230188961,0.11527330460929451,3,4.247521181153586,0.10832776452774184,0.1061488079889967
LRCX,0.4181737558639268,0.5106837712219873,0.5128499999999712,0.008805679985099573,0.7340584686365141,18,17.518934334020457,0.49876792577888623,0.0017790216955447036
MCD,0.04275173462059988,0.04275173462056403,0.03875000000000003,0.0014404860290887947,0.02137586731029994,1,0.0,0.11755484402326488,0.07067229104727327
MDB,0.3767481668754578,0.2689076528363291,0.3939499999999843,0.009442457307289261,0.5118376179437449,3,3.659964919283545,0.32675446521594687,0.01585407489339732
MELI,0.23576514263862086,0.23576514263860243,0.21175000000000016,0.004997499374687309,0.11788257131931043,1,0.0,0.05504124042538011,0.022619423953907394
META,0.1613365812522017,0.32548657027760464,0.3013499999999945,0.007079194869474137,0.12003495165641484,4,1.9656365311882582,0.37430650895538675,0.03631243645605775
MRK,0.10587579676526591,0.10587579676523784,0.09570000000000008,0.0035580893749314426,0.05293789838263296,1,0.0,0.05319954237886254,0.035272494845523666
MS,0.16567443910150062,0.25279247579185327,0.39664999999998407,0.008676981041813069,0.20507733394851668,7,12.234160716194456,0.4369953155921114,0.023523631318718576
MSFT,0.10635341832838525,0.2868628295094834,0.369749999999987,0.015568397476938549,0.17529572433906024,16,5.618726209641349,0.39652198533393357,0.003954963692758313
MSTR,0.6974332196419837,0.697433219641995,0.41339999999998217,0.0789524540467149,0.34871660982099184,1,0.0,0.5459713973892598,0.008480521811404938
MU,0.5395438411358097,0.3668515640514383,0.3075999999999938,0.015156351803780138,0.3112989866229832,17,2.079270971504845,0.3787925827685174,0.06092967310257269
NEE,0.21640807872410184,0.21640807872408396,0.19935000000000017,0.004986481725625799,0.10820403936205092,1,0.0,0.17545571744649036,0.027637672503306825
NEM,0.3085807641105434,0.30858076411053303,0.26104999999999895,0.006339163982733933,0.1542903820552717,1,0.0,0.18911896496585,0.010054939839050167
NET,0.25619766345701606,0.25619766345820993,0.2288000000000002,0.014471005493745083,0.12809883172850803,11,0.0,0.2721898689353125,0.0386680920253417
NFLX,0.10252031837307692,0.10252031837305997,0.08165000000000007,0.002327015255644021,0.05126015918653846,1,0.0,0.07381686545408689,0.011936889569217122
NKE,0.1585300362499772,0.15853003624996587,0.1405000000000001,0.006109418957642377,0.0792650181249886,1,0.0,0.1640382880916202,0.12399646424810123
NOC,0.05092513231233531,0.05092513231232132,0.04515000000000004,0.0008746427842267958,0.025462566156167654,1,0.0,0.02843082844023853,0.09215376958648798
NOW,0.2557490047094934,0.5299962573957503,0.3914499999999846,0.014125685824056686,0.21839406786285276,16,3.833590812687773,0.5824069168490924,0.05060652488016376
NRG,0.20998315332860804,0.44245630344555226,0.38029999999998576,0.015098344280084152,0.24347614132551565,2,1.9585033365533155,0.47392644568564807,0.04280733871703501
NU,0.32138189149406604,0.32138189149405993,0.26274999999999876,0.008113260750153757,0.16069094574703302,1,0.0,0.2820671785847781,0.13358164497987315
NVDA,0.4795398169444552,0.4412919745276176,0.461099999999977,0.007669093818697685,0.44438337964870056,18,4.41753723072078,0.48346512582606027,0.04254230423681016
NXPI,0.3548486458165358,0.5276231881061875,0.4860999999999741,0.0062501999967994135,0.5407245037588263,23,13.111248399423202,0.49953564519726046,0.02562261196049637
OKTA,0.20261734745627008,0.20261734745626436,0.17990000000000012,0.004004996878900161,0.10130867372813504,1,0.0,0.3696687544470277,0.11101413961205156
ON,0.5818279704780566,0.44036259960845386,0.41214999999998236,0.0031646484796889834,0.49117309366720757,23,6.434092204278592,0.5559948659283619,0.05199150369003494
ONON,0.3978630936293794,0.39786309362937633,0.28549999999999626,0.027377454227883114,0.1989315468146897,1,0.0,0.3872000990206615,0.10329407667473012
ORCL,0.1879010969829038,0.18790109698145774,0.18355000000000016,0.006319414529843731,0.0939505484914519,17,0.0,0.13756795920083537,0.09947641595783752
PANW,0.21752522115811476,0.638172191253327,0.5311499999999694,0.007570667077608641,0.17177303139560934,3,1.8812525953355315,0.6443742702729366,0.31739401599476535
PEP,0.06674085832515993,0.06674085832511834,0.10740000000000008,0.005190375708944397,0.04171303645322495,2,1.9093094215545456,0.06198074834768419,0.010491649543623627
PFE,0.14651293571882026,0.1465129357188143,0.12040000000000009,0.004836320915737499,0.07325646785941013,1,0.0,-0.02228506601803093,0.3149245187353638
PG,0.0371284930293362,0.03712849302932952,0.03350000000000002,0.0031701734968294735,0.0185642465146681,1,0.0,0.06553452458609726,0.08208429616451554
PLTR,0.26766055005123646,0.26766055003815237,0.24665000000000004,0.0063612105766116984,0.13383027502561823,12,0.0,0.2594872904940856,0.030998196168352452
QCOM,0.30147064206714574,0.7320861230330868,0.5393999999999683,0.006503076195154927,0.22527905352935684,22,1.7736707283325008,0.5550006920822623,0.09331961327450526
RCL,0.24157852742314473,0.24157852737313762,0.2670999999999983,0.00399562260480097,0.12078926371157236,19,0.0,0.3252141029612974,0.003684770900334977
REGN,0.18234360420632087,0.18234360420631746,0.16465000000000013,0.006124948979379344,0.09117180210316043,1,0.0,0.1719591868175398,0.11474527354849594
RY,0.03581826866234122,0.07660326750586344,0.3409999999999901,0.01916115862884912,0.036214406855976294,7,1.942277072072912,0.10419805358606671,0.31482308458236985
SBUX,0.053688533495385445,0.05368853349538144,0.045350000000000036,0.0012409673645990868,0.026844266747692722,1,0.0,0.06496031559545934,0.01765944014923836
SCHW,0.12363408099607391,0.12363408097187373,0.15470000000000012,0.0036891733491393464,0.061817040498036956,8,0.0,0.21943931768854458,0.044509471050285195
SE,0.20990934426059724,0.20990934426059493,0.17425000000000013,0.0046957427527495625,0.10495467213029862,1,0.0,0.2657717557708986,0.3621063969364471
SHOP,0.39446787516878634,0.72181288884611,0.5719999999999648,0.008394938951534103,0.32891669688716674,19,1.9205556528811991,0.6933057061855847,0.018622009319603068
SHW,0.08096840445226478,0.23016155273374472,0.2395500000000002,0.0014265342617687119,0.08545772978851233,3,3.711583123508937,0.2860450134391713,0.08807162942140083
SLAB,0.49602968715811535,0.49602968717384677,0.4357999999999797,0.008708329346090633,0.24801484357905768,25,0.0,0.4986320841971064,0.034678205048133605
SMCI,1.0,0.9500000000000024,0.5416499999999681,0.018196565610024522,0.5,1,0.0,0.8897954062104669,0.005787314122335651
SMH,0.3149868271850104,0.5086859296790529,0.49849999999997285,0.011981235328628222,1.0553995928809066,20,32.51058729664978,0.514625012256915,0.01721832961530029
SNOW,0.4091642448653033,0.750483541186368,0.4025499999999834,0.022914733251772415,0.3248306457358388,3,1.8694845071753243,0.6872187480959854,0.06875215169954987
SONY,0.166436713099362,0.16643671309936114,0.12655000000000008,0.00838808679020431,0.083218356549681,1,0.0,0.13328169770563353,0.15623977086080273
SPOT,0.14607750111745163,0.14607750111745127,0.1389500000000001,0.006613244287034925,0.07303875055872582,1,0.0,0.10592686091193476,0.11966429063652852
STX,0.18075956341078114,0.667584560821897,0.4199499999999814,0.013545663512724637,0.131111288392864,17,2.0469465481879077,0.6595350010891279,0.01705604988762179
T,0.0615728686770506,0.06157286867704986,0.055500000000000035,0.003016620625799674,0.0307864343385253,1,0.0,0.015557815564331778,0.025903415704261704
TCEHY,0.18090075931973568,0.34952419703801235,0.27969999999999684,0.0030553232234901014,0.19126080367563164,2,2.0580401937761152,0.293041407274738,0.4201713206825951
TD,0.056520908361313904,0.056520908361313404,0.050400000000000035,0.0015779733838059513,0.028260454180656952,1,0.0,0.17382354584276472,0.12071049380456512
TEAM,0.2578380359325887,0.25783803593258925,0.22115000000000018,0.00995565166124248,0.12891901796629435,1,0.0,0.3397426955184836,0.04794453708850373
TM,0.1860750443617629,0.18607504436176248,0.15065000000000012,0.013249150916190831,0.09303752218088145,1,0.0,0.1039013681953207,0.11457214170987752
TSLA,0.5749441057622335,0.7642441679030215,0.5222499999999702,0.008670351780636321,0.42501257743048637,19,1.984932213006581,0.5054687135052605,0.014783343576205933
TSM,0.2991595117990669,0.6403987812958016,0.5435499999999679,0.0076032887621073075,0.2621852766244157,18,4.013004630658823,0.6466573292106523,0.043502874162256795
TXN,0.17850091862520534,0.44503215235420956,0.5528499999999669,0.004670653059262184,0.3244324044457394,23,6.646528671502218,0.476326414545081,0.03362843712612616
UL,0.018303819086387948,0.018303819086388118,0.049950000000000036,0.024041318599444597,0.009151909543193974,1,0.0,0.08228332066774591,0.017871723616062613
UNH,0.11687896216121924,0.11687896216121946,0.09680000000000008,0.020987734513281817,0.05843948108060962,1,0.0,0.20025754809831187,0.023326375503160152
V,0.04128438950694452,0.0412843895069443,0.03840000000000003,0.0022781571499789054,0.02064219475347226,1,0.0,0.07410301311035689,0.028617948801938586
VRTX,0.11872905443686124,0.1187290544368616,0.10160000000000007,0.010391823709051274,0.05936452721843062,1,0.0,0.32319404379529304,0.15211238912555608
WDC,0.2506911232975055,0.6467515688311775,0.46134999999997695,0.016811157009555818,0.2483797987513747,20,4.126217519692752,0.6018205530138716,0.02553486364357731
XOM,0.11269458939748302,0.23767080236657623,0.17510000000000014,0.00805388105201462,0.12404495075189534,2,2.22735142567703,0.4207298119617916,0.026749647218722906
Z,0.2789219536873784,0.2789219536873787,0.251,0.002449489742783024,0.1394609768436892,1,0.0,0.3566829049966541,0.23292731837893263
ZS,0.3256910098641602,0.62205867132333,0.4838499999999744,0.0013095800853707353,0.392417422159953,22,3.762400264358471,0.48840819763487536,0.012232205018396157
